{
    "cameras": [
        {
            "id": "camera.d1",
            "type": "FlyCamera",
            "position": [
                63.82305607978824,
                85.04341391605581,
                607.343827654085
            ],
            "rotation": [
                0.19031123248809093,
                2.747118356494422,
                0
            ],
            "speed": 64
        }
    ],
    "lights": [
        {
            "id": "light.1",
            "type": "HemisphericLight",
            "position": [
                250.0,
                155,
                250.0
            ],
            "intensity": 4.54303896672176
        }
    ],
    "shadows": {
        "darkness": 0.3,
        "bias": 0.001,
        "environmentIntensity": 0.3
    },
    "datagen": {
        "cam": {
            "alphaMin": 0,
            "alphaMax": 360,
            "alphaStep": 60,
            "betaMin": 0,
            "betaMax": 50,
            "betaStep": 25,
            "radiusFactorMin": 3,
            "radiusFactorMax": 6,
            "radiusFactorStep": 1
        }
    },
    "env": {
        "skyboxTexture": "textures/studio.env",
        "backgroundColor": [
            0.0990967718252923,
            0.5950011825778354,
            0.6505920412934852
        ],
        "groundTexture": "textures/concrete.jpg",
        "groundSize": [
            2000,
            2000,
            400
        ]
    }
}